{
  "airports": {
    "AAL": {"city": "Aalborg", "country": "DK", "name": "Aalborg Airport", "region": "Europe"},
    "AAR": {"city": "Aarhus", "country": "DK", "name": "Aarhus Airport", "region": "Europe"},
    "ABJ": {"city": "Abidjan", "country": "CI", "name": "Port Bouet Airport", "region": "Africa"},
    "ABQ": {"city": "Albuquerque", "country": "US", "name": "Albuquerque International Sunport", "region": "North America"},
    "ACA": {"city": "Acapulco", "country": "MX", "name": "General Juan N Alvarez International Airport", "region": "North America"},
    "ACC": {"city": "Accra", "country": "GH", "name": "Kotoka International Airport", "region": "Africa"},
    "ADD": {"city": "Addis Ababa", "country": "ET", "name": "Addis Ababa Bole International Airport", "region": "Africa"},
    "ADL": {"city": "Adelaide", "country": "AU", "name": "Adelaide Airport", "region": "Oceania"},
    "AEP": {"city": "Buenos Aires", "country": "AR", "name": "Jorge Newbery Airpark", "region": "South America"},
    "AKL": {"city": "Auckland", "country": "NZ", "name": "Auckland International Airport", "region": "Oceania"},
    "ALG": {"city": "Algiers", "country": "DZ", "name": "Houari Boumediene Airport", "region": "Africa"},
    "AMS": {"city": "Amsterdam", "country": "NL", "name": "Amsterdam Airport Schiphol", "region": "Europe"},
    "ANC": {"city": "Anchorage", "country": "US", "name": "Ted Stevens Anchorage International Airport", "region": "North America"},
    "ANR": {"city": "Antwerp", "country": "BE", "name": "Antwerp International Airport", "region": "Europe"},
    "ARN": {"city": "Stockholm", "country": "SE", "name": "Stockholm Arlanda Airport", "region": "Europe"},
    "ASU": {"city": "Asuncion", "country": "PY", "name": "Silvio Pettirossi International Airport", "region": "South America"},
    "ATH": {"city": "Athens", "country": "GR", "name": "Athens International Airport", "region": "Europe"},
    "ATL": {"city": "Atlanta", "country": "US", "name": "Hartsfield-Jackson Atlanta International Airport", "region": "North America"},
    "AUH": {"city": "Abu Dhabi", "country": "AE", "name": "Abu Dhabi International Airport", "region": "Middle East"},
    "AUS": {"city": "Austin", "country": "US", "name": "Austin-Bergstrom International Airport", "region": "North America"},
    "BAH": {"city": "Bahrain", "country": "BH", "name": "Bahrain International Airport", "region": "Middle East"},
    "BCN": {"city": "Barcelona", "country": "ES", "name": "Barcelona-El Prat Airport", "region": "Europe"},
    "BEG": {"city": "Belgrade", "country": "RS", "name": "Belgrade Nikola Tesla Airport", "region": "Europe"},
    "BER": {"city": "Berlin", "country": "DE", "name": "Berlin Brandenburg Airport", "region": "Europe"},
    "BEY": {"city": "Beirut", "country": "LB", "name": "Rafic Hariri International Airport", "region": "Middle East"},
    "BFS": {"city": "Belfast", "country": "GB", "name": "Belfast International Airport", "region": "Europe"},
    "BGO": {"city": "Bergen", "country": "NO", "name": "Bergen Airport Flesland", "region": "Europe"},
    "BHX": {"city": "Birmingham", "country": "GB", "name": "Birmingham Airport", "region": "Europe"},
    "BIO": {"city": "Bilbao", "country": "ES", "name": "Bilbao Airport", "region": "Europe"},
    "BKK": {"city": "Bangkok", "country": "TH", "name": "Suvarnabhumi Airport", "region": "Asia"},
    "BLR": {"city": "Bangalore", "country": "IN", "name": "Kempegowda International Airport", "region": "Asia"},
    "BNA": {"city": "Nashville", "country": "US", "name": "Nashville International Airport", "region": "North America"},
    "BOD": {"city": "Bordeaux", "country": "FR", "name": "Bordeaux-Merignac Airport", "region": "Europe"},
    "BOG": {"city": "Bogota", "country": "CO", "name": "El Dorado International Airport", "region": "South America"},
    "BOM": {"city": "Mumbai", "country": "IN", "name": "Chhatrapati Shivaji Maharaj International Airport", "region": "Asia"},
    "BOS": {"city": "Boston", "country": "US", "name": "Logan International Airport", "region": "North America"},
    "BRE": {"city": "Bremen", "country": "DE", "name": "Bremen Airport", "region": "Europe"},
    "BRN": {"city": "Bern", "country": "CH", "name": "Bern Airport", "region": "Europe"},
    "BRU": {"city": "Brussels", "country": "BE", "name": "Brussels Airport", "region": "Europe"},
    "BSB": {"city": "Brasilia", "country": "BR", "name": "Brasilia International Airport", "region": "South America"},
    "BTS": {"city": "Bratislava", "country": "SK", "name": "M. R. Stefanik Airport", "region": "Europe"},
    "BUD": {"city": "Budapest", "country": "HU", "name": "Budapest Ferenc Liszt International Airport", "region": "Europe"},
    "BWI": {"city": "Baltimore", "country": "US", "name": "Baltimore/Washington International Airport", "region": "North America"},
    "CAI": {"city": "Cairo", "country": "EG", "name": "Cairo International Airport", "region": "Africa"},
    "CAN": {"city": "Guangzhou", "country": "CN", "name": "Guangzhou Baiyun International Airport", "region": "Asia"},
    "CCU": {"city": "Kolkata", "country": "IN", "name": "Netaji Subhas Chandra Bose International Airport", "region": "Asia"},
    "CDG": {"city": "Paris", "country": "FR", "name": "Charles de Gaulle Airport", "region": "Europe"},
    "CEB": {"city": "Cebu", "country": "PH", "name": "Mactan-Cebu International Airport", "region": "Asia"},
    "CGK": {"city": "Jakarta", "country": "ID", "name": "Soekarno-Hatta International Airport", "region": "Asia"},
    "CGN": {"city": "Cologne", "country": "DE", "name": "Cologne Bonn Airport", "region": "Europe"},
    "CHC": {"city": "Christchurch", "country": "NZ", "name": "Christchurch International Airport", "region": "Oceania"},
    "CLE": {"city": "Cleveland", "country": "US", "name": "Cleveland Hopkins International Airport", "region": "North America"},
    "CLT": {"city": "Charlotte", "country": "US", "name": "Charlotte Douglas International Airport", "region": "North America"},
    "CMB": {"city": "Colombo", "country": "LK", "name": "Bandaranaike International Airport", "region": "Asia"},
    "CMN": {"city": "Casablanca", "country": "MA", "name": "Mohammed V International Airport", "region": "Africa"},
    "CNS": {"city": "Cairns", "country": "AU", "name": "Cairns Airport", "region": "Oceania"},
    "CNX": {"city": "Chiang Mai", "country": "TH", "name": "Chiang Mai International Airport", "region": "Asia"},
    "COK": {"city": "Kochi", "country": "IN", "name": "Cochin International Airport", "region": "Asia"},
    "CPH": {"city": "Copenhagen", "country": "DK", "name": "Copenhagen Airport", "region": "Europe"},
    "CPT": {"city": "Cape Town", "country": "ZA", "name": "Cape Town International Airport", "region": "Africa"},
    "CTA": {"city": "Catania", "country": "IT", "name": "Catania-Fontanarossa Airport", "region": "Europe"},
    "CTU": {"city": "Chengdu", "country": "CN", "name": "Chengdu Shuangliu International Airport", "region": "Asia"},
    "CUN": {"city": "Cancun", "country": "MX", "name": "Cancun International Airport", "region": "North America"},
    "CVG": {"city": "Cincinnati", "country": "US", "name": "Cincinnati/Northern Kentucky International Airport", "region": "North America"},
    "DAC": {"city": "Dhaka", "country": "BD", "name": "Hazrat Shahjalal International Airport", "region": "Asia"},
    "DAR": {"city": "Dar es Salaam", "country": "TZ", "name": "Julius Nyerere International Airport", "region": "Africa"},
    "DEL": {"city": "New Delhi", "country": "IN", "name": "Indira Gandhi International Airport", "region": "Asia"},
    "DEN": {"city": "Denver", "country": "US", "name": "Denver International Airport", "region": "North America"},
    "DFW": {"city": "Dallas", "country": "US", "name": "Dallas/Fort Worth International Airport", "region": "North America"},
    "DME": {"city": "Moscow", "country": "RU", "name": "Domodedovo International Airport", "region": "Europe"},
    "DMK": {"city": "Bangkok", "country": "TH", "name": "Don Mueang International Airport", "region": "Asia"},
    "DOH": {"city": "Doha", "country": "QA", "name": "Hamad International Airport", "region": "Middle East"},
    "DPS": {"city": "Denpasar", "country": "ID", "name": "Ngurah Rai International Airport", "region": "Asia"},
    "DRS": {"city": "Dresden", "country": "DE", "name": "Dresden Airport", "region": "Europe"},
    "DTM": {"city": "Dortmund", "country": "DE", "name": "Dortmund Airport", "region": "Europe"},
    "DTW": {"city": "Detroit", "country": "US", "name": "Detroit Metropolitan Wayne County Airport", "region": "North America"},
    "DUB": {"city": "Dublin", "country": "IE", "name": "Dublin Airport", "region": "Europe"},
    "DUS": {"city": "Dusseldorf", "country": "DE", "name": "Dusseldorf Airport", "region": "Europe"},
    "DXB": {"city": "Dubai", "country": "AE", "name": "Dubai International Airport", "region": "Middle East"},
    "EBB": {"city": "Entebbe", "country": "UG", "name": "Entebbe International Airport", "region": "Africa"},
    "EDI": {"city": "Edinburgh", "country": "GB", "name": "Edinburgh Airport", "region": "Europe"},
    "EWR": {"city": "Newark", "country": "US", "name": "Newark Liberty International Airport", "region": "North America"},
    "EZE": {"city": "Buenos Aires", "country": "AR", "name": "Ministro Pistarini International Airport", "region": "South America"},
    "FAO": {"city": "Faro", "country": "PT", "name": "Faro Airport", "region": "Europe"},
    "FCO": {"city": "Rome", "country": "IT", "name": "Leonardo da Vinci-Fiumicino Airport", "region": "Europe"},
    "FLL": {"city": "Fort Lauderdale", "country": "US", "name": "Fort Lauderdale-Hollywood International Airport", "region": "North America"},
    "FLR": {"city": "Florence", "country": "IT", "name": "Florence Airport", "region": "Europe"},
    "FRA": {"city": "Frankfurt", "country": "DE", "name": "Frankfurt Airport", "region": "Europe"},
    "GDL": {"city": "Guadalajara", "country": "MX", "name": "Don Miguel Hidalgo y Costilla International Airport", "region": "North America"},
    "GDN": {"city": "Gdansk", "country": "PL", "name": "Gdansk Lech Walesa Airport", "region": "Europe"},
    "GIG": {"city": "Rio de Janeiro", "country": "BR", "name": "Galeao International Airport", "region": "South America"},
    "GLA": {"city": "Glasgow", "country": "GB", "name": "Glasgow Airport", "region": "Europe"},
    "GOT": {"city": "Gothenburg", "country": "SE", "name": "Gothenburg-Landvetter Airport", "region": "Europe"},
    "GRU": {"city": "Sao Paulo", "country": "BR", "name": "Guarulhos International Airport", "region": "South America"},
    "GVA": {"city": "Geneva", "country": "CH", "name": "Geneva Airport", "region": "Europe"},
    "GYD": {"city": "Baku", "country": "AZ", "name": "Heydar Aliyev International Airport", "region": "Asia"},
    "GYE": {"city": "Guayaquil", "country": "EC", "name": "Jose Joaquin de Olmedo International Airport", "region": "South America"},
    "HAJ": {"city": "Hannover", "country": "DE", "name": "Hannover Airport", "region": "Europe"},
    "HAM": {"city": "Hamburg", "country": "DE", "name": "Hamburg Airport", "region": "Europe"},
    "HAN": {"city": "Hanoi", "country": "VN", "name": "Noi Bai International Airport", "region": "Asia"},
    "HEL": {"city": "Helsinki", "country": "FI", "name": "Helsinki-Vantaa Airport", "region": "Europe"},
    "HER": {"city": "Heraklion", "country": "GR", "name": "Heraklion International Airport", "region": "Europe"},
    "HKG": {"city": "Hong Kong", "country": "HK", "name": "Hong Kong International Airport", "region": "Asia"},
    "HND": {"city": "Tokyo", "country": "JP", "name": "Tokyo Haneda Airport", "region": "Asia"},
    "HNL": {"city": "Honolulu", "country": "US", "name": "Daniel K. Inouye International Airport", "region": "North America"},
    "HOU": {"city": "Houston", "country": "US", "name": "William P. Hobby Airport", "region": "North America"},
    "IAD": {"city": "Washington", "country": "US", "name": "Washington Dulles International Airport", "region": "North America"},
    "IAH": {"city": "Houston", "country": "US", "name": "George Bush Intercontinental Airport", "region": "North America"},
    "ICN": {"city": "Seoul", "country": "KR", "name": "Incheon International Airport", "region": "Asia"},
    "INN": {"city": "Innsbruck", "country": "AT", "name": "Innsbruck Airport", "region": "Europe"},
    "ISB": {"city": "Islamabad", "country": "PK", "name": "Islamabad International Airport", "region": "Asia"},
    "IST": {"city": "Istanbul", "country": "TR", "name": "Istanbul Airport", "region": "Europe"},
    "JED": {"city": "Jeddah", "country": "SA", "name": "King Abdulaziz International Airport", "region": "Middle East"},
    "JFK": {"city": "New York", "country": "US", "name": "John F. Kennedy International Airport", "region": "North America"},
    "JNB": {"city": "Johannesburg", "country": "ZA", "name": "O. R. Tambo International Airport", "region": "Africa"},
    "KBP": {"city": "Kyiv", "country": "UA", "name": "Boryspil International Airport", "region": "Europe"},
    "KHI": {"city": "Karachi", "country": "PK", "name": "Jinnah International Airport", "region": "Asia"},
    "KIX": {"city": "Osaka", "country": "JP", "name": "Kansai International Airport", "region": "Asia"},
    "KRK": {"city": "Krakow", "country": "PL", "name": "John Paul II International Airport Krakow-Balice", "region": "Europe"},
    "KTM": {"city": "Kathmandu", "country": "NP", "name": "Tribhuvan International Airport", "region": "Asia"},
    "KUL": {"city": "Kuala Lumpur", "country": "MY", "name": "Kuala Lumpur International Airport", "region": "Asia"},
    "KWI": {"city": "Kuwait City", "country": "KW", "name": "Kuwait International Airport", "region": "Middle East"},
    "LAS": {"city": "Las Vegas", "country": "US", "name": "Harry Reid International Airport", "region": "North America"},
    "LAX": {"city": "Los Angeles", "country": "US", "name": "Los Angeles International Airport", "region": "North America"},
    "LBA": {"city": "Leeds", "country": "GB", "name": "Leeds Bradford Airport", "region": "Europe"},
    "LCY": {"city": "London", "country": "GB", "name": "London City Airport", "region": "Europe"},
    "LED": {"city": "St Petersburg", "country": "RU", "name": "Pulkovo Airport", "region": "Europe"},
    "LEJ": {"city": "Leipzig", "country": "DE", "name": "Leipzig/Halle Airport", "region": "Europe"},
    "LGA": {"city": "New York", "country": "US", "name": "LaGuardia Airport", "region": "North America"},
    "LGW": {"city": "London", "country": "GB", "name": "London Gatwick Airport", "region": "Europe"},
    "LHR": {"city": "London", "country": "GB", "name": "London Heathrow Airport", "region": "Europe"},
    "LIM": {"city": "Lima", "country": "PE", "name": "Jorge Chavez International Airport", "region": "South America"},
    "LIS": {"city": "Lisbon", "country": "PT", "name": "Lisbon Portela Airport", "region": "Europe"},
    "LJU": {"city": "Ljubljana", "country": "SI", "name": "Ljubljana Joze Pucnik Airport", "region": "Europe"},
    "LOS": {"city": "Lagos", "country": "NG", "name": "Murtala Muhammed International Airport", "region": "Africa"},
    "LPA": {"city": "Las Palmas", "country": "ES", "name": "Gran Canaria Airport", "region": "Europe"},
    "LTN": {"city": "London", "country": "GB", "name": "London Luton Airport", "region": "Europe"},
    "LUX": {"city": "Luxembourg", "country": "LU", "name": "Luxembourg Airport", "region": "Europe"},
    "LYS": {"city": "Lyon", "country": "FR", "name": "Lyon-Saint Exupery Airport", "region": "Europe"},
    "MAA": {"city": "Chennai", "country": "IN", "name": "Chennai International Airport", "region": "Asia"},
    "MAD": {"city": "Madrid", "country": "ES", "name": "Adolfo Suarez Madrid-Barajas Airport", "region": "Europe"},
    "MAN": {"city": "Manchester", "country": "GB", "name": "Manchester Airport", "region": "Europe"},
    "MBA": {"city": "Mombasa", "country": "KE", "name": "Moi International Airport", "region": "Africa"},
    "MCO": {"city": "Orlando", "country": "US", "name": "Orlando International Airport", "region": "North America"},
    "MCT": {"city": "Muscat", "country": "OM", "name": "Muscat International Airport", "region": "Middle East"},
    "MDW": {"city": "Chicago", "country": "US", "name": "Chicago Midway International Airport", "region": "North America"},
    "MEL": {"city": "Melbourne", "country": "AU", "name": "Melbourne Airport", "region": "Oceania"},
    "MEX": {"city": "Mexico City", "country": "MX", "name": "Mexico City International Airport", "region": "North America"},
    "MIA": {"city": "Miami", "country": "US", "name": "Miami International Airport", "region": "North America"},
    "MLE": {"city": "Male", "country": "MV", "name": "Velana International Airport", "region": "Asia"},
    "MNL": {"city": "Manila", "country": "PH", "name": "Ninoy Aquino International Airport", "region": "Asia"},
    "MPM": {"city": "Maputo", "country": "MZ", "name": "Maputo International Airport", "region": "Africa"},
    "MRS": {"city": "Marseille", "country": "FR", "name": "Marseille Provence Airport", "region": "Europe"},
    "MSP": {"city": "Minneapolis", "country": "US", "name": "Minneapolis-St Paul International Airport", "region": "North America"},
    "MSY": {"city": "New Orleans", "country": "US", "name": "Louis Armstrong New Orleans International Airport", "region": "North America"},
    "MTY": {"city": "Monterrey", "country": "MX", "name": "General Mariano Escobedo International Airport", "region": "North America"},
    "MUC": {"city": "Munich", "country": "DE", "name": "Munich Airport", "region": "Europe"},
    "MXP": {"city": "Milan", "country": "IT", "name": "Milan Malpensa Airport", "region": "Europe"},
    "NAP": {"city": "Naples", "country": "IT", "name": "Naples International Airport", "region": "Europe"},
    "NBO": {"city": "Nairobi", "country": "KE", "name": "Jomo Kenyatta International Airport", "region": "Africa"},
    "NCE": {"city": "Nice", "country": "FR", "name": "Nice Cote d'Azur Airport", "region": "Europe"},
    "NRT": {"city": "Tokyo", "country": "JP", "name": "Narita International Airport", "region": "Asia"},
    "NUE": {"city": "Nuremberg", "country": "DE", "name": "Nuremberg Airport", "region": "Europe"},
    "OPO": {"city": "Porto", "country": "PT", "name": "Francisco Sa Carneiro Airport", "region": "Europe"},
    "ORD": {"city": "Chicago", "country": "US", "name": "O'Hare International Airport", "region": "North America"},
    "ORY": {"city": "Paris", "country": "FR", "name": "Paris Orly Airport", "region": "Europe"},
    "OSL": {"city": "Oslo", "country": "NO", "name": "Oslo Airport Gardermoen", "region": "Europe"},
    "OTP": {"city": "Bucharest", "country": "RO", "name": "Henri Coanda International Airport", "region": "Europe"},
    "PDX": {"city": "Portland", "country": "US", "name": "Portland International Airport", "region": "North America"},
    "PEK": {"city": "Beijing", "country": "CN", "name": "Beijing Capital International Airport", "region": "Asia"},
    "PER": {"city": "Perth", "country": "AU", "name": "Perth Airport", "region": "Oceania"},
    "PHL": {"city": "Philadelphia", "country": "US", "name": "Philadelphia International Airport", "region": "North America"},
    "PHX": {"city": "Phoenix", "country": "US", "name": "Phoenix Sky Harbor International Airport", "region": "North America"},
    "PIT": {"city": "Pittsburgh", "country": "US", "name": "Pittsburgh International Airport", "region": "North America"},
    "PMI": {"city": "Palma de Mallorca", "country": "ES", "name": "Palma de Mallorca Airport", "region": "Europe"},
    "PNH": {"city": "Phnom Penh", "country": "KH", "name": "Phnom Penh International Airport", "region": "Asia"},
    "PRG": {"city": "Prague", "country": "CZ", "name": "Vaclav Havel Airport Prague", "region": "Europe"},
    "PVG": {"city": "Shanghai", "country": "CN", "name": "Shanghai Pudong International Airport", "region": "Asia"},
    "RGN": {"city": "Yangon", "country": "MM", "name": "Yangon International Airport", "region": "Asia"},
    "RIX": {"city": "Riga", "country": "LV", "name": "Riga International Airport", "region": "Europe"},
    "RUH": {"city": "Riyadh", "country": "SA", "name": "King Khalid International Airport", "region": "Middle East"},
    "SAW": {"city": "Istanbul", "country": "TR", "name": "Sabiha Gokcen International Airport", "region": "Europe"},
    "SCL": {"city": "Santiago", "country": "CL", "name": "Arturo Merino Benitez International Airport", "region": "South America"},
    "SDQ": {"city": "Santo Domingo", "country": "DO", "name": "Las Americas International Airport", "region": "North America"},
    "SEA": {"city": "Seattle", "country": "US", "name": "Seattle-Tacoma International Airport", "region": "North America"},
    "SFO": {"city": "San Francisco", "country": "US", "name": "San Francisco International Airport", "region": "North America"},
    "SGN": {"city": "Ho Chi Minh City", "country": "VN", "name": "Tan Son Nhat International Airport", "region": "Asia"},
    "SHA": {"city": "Shanghai", "country": "CN", "name": "Shanghai Hongqiao International Airport", "region": "Asia"},
    "SIN": {"city": "Singapore", "country": "SG", "name": "Singapore Changi Airport", "region": "Asia"},
    "SJC": {"city": "San Jose", "country": "US", "name": "Norman Y. Mineta San Jose International Airport", "region": "North America"},
    "SLC": {"city": "Salt Lake City", "country": "US", "name": "Salt Lake City International Airport", "region": "North America"},
    "SNN": {"city": "Shannon", "country": "IE", "name": "Shannon Airport", "region": "Europe"},
    "SOF": {"city": "Sofia", "country": "BG", "name": "Sofia Airport", "region": "Europe"},
    "STN": {"city": "London", "country": "GB", "name": "London Stansted Airport", "region": "Europe"},
    "STR": {"city": "Stuttgart", "country": "DE", "name": "Stuttgart Airport", "region": "Europe"},
    "SUB": {"city": "Surabaya", "country": "ID", "name": "Juanda International Airport", "region": "Asia"},
    "SVX": {"city": "Yekaterinburg", "country": "RU", "name": "Koltsovo Airport", "region": "Europe"},
    "SXF": {"city": "Berlin", "country": "DE", "name": "Berlin Schonefeld Airport", "region": "Europe"},
    "SYD": {"city": "Sydney", "country": "AU", "name": "Sydney Kingsford Smith Airport", "region": "Oceania"},
    "SZX": {"city": "Shenzhen", "country": "CN", "name": "Shenzhen Bao'an International Airport", "region": "Asia"},
    "TBS": {"city": "Tbilisi", "country": "GE", "name": "Tbilisi International Airport", "region": "Asia"},
    "TFS": {"city": "Tenerife", "country": "ES", "name": "Tenerife South Airport", "region": "Europe"},
    "TIA": {"city": "Tirana", "country": "AL", "name": "Tirana International Airport", "region": "Europe"},
    "TLL": {"city": "Tallinn", "country": "EE", "name": "Tallinn Airport", "region": "Europe"},
    "TLS": {"city": "Toulouse", "country": "FR", "name": "Toulouse-Blagnac Airport", "region": "Europe"},
    "TLV": {"city": "Tel Aviv", "country": "IL", "name": "Ben Gurion Airport", "region": "Middle East"},
    "TPA": {"city": "Tampa", "country": "US", "name": "Tampa International Airport", "region": "North America"},
    "TPE": {"city": "Taipei", "country": "TW", "name": "Taiwan Taoyuan International Airport", "region": "Asia"},
    "TRN": {"city": "Turin", "country": "IT", "name": "Turin Airport", "region": "Europe"},
    "TSN": {"city": "Tianjin", "country": "CN", "name": "Tianjin Binhai International Airport", "region": "Asia"},
    "TXL": {"city": "Berlin", "country": "DE", "name": "Berlin Tegel Airport", "region": "Europe"},
    "UIO": {"city": "Quito", "country": "EC", "name": "Mariscal Sucre International Airport", "region": "South America"},
    "VCE": {"city": "Venice", "country": "IT", "name": "Venice Marco Polo Airport", "region": "Europe"},
    "VIE": {"city": "Vienna", "country": "AT", "name": "Vienna International Airport", "region": "Europe"},
    "VNO": {"city": "Vilnius", "country": "LT", "name": "Vilnius Airport", "region": "Europe"},
    "WAW": {"city": "Warsaw", "country": "PL", "name": "Warsaw Chopin Airport", "region": "Europe"},
    "WLG": {"city": "Wellington", "country": "NZ", "name": "Wellington International Airport", "region": "Oceania"},
    "XIY": {"city": "Xi'an", "country": "CN", "name": "Xi'an Xianyang International Airport", "region": "Asia"},
    "YOW": {"city": "Ottawa", "country": "CA", "name": "Ottawa Macdonald-Cartier International Airport", "region": "North America"},
    "YUL": {"city": "Montreal", "country": "CA", "name": "Montreal-Pierre Elliott Trudeau International Airport", "region": "North America"},
    "YVR": {"city": "Vancouver", "country": "CA", "name": "Vancouver International Airport", "region": "North America"},
    "YYC": {"city": "Calgary", "country": "CA", "name": "Calgary International Airport", "region": "North America"},
    "YYZ": {"city": "Toronto", "country": "CA", "name": "Toronto Pearson International Airport", "region": "North America"},
    "ZAG": {"city": "Zagreb", "country": "HR", "name": "Zagreb Airport", "region": "Europe"},
    "ZRH": {"city": "Zurich", "country": "CH", "name": "Zurich Airport", "region": "Europe"}
  }
}
